{
  "title":"Lecture 31: Change of Basis; Image Compression",
  "description": "",
  "file": null,
  "learning_resource_types": [],
  "resource_type": "Video",
  "file_type": "",
  "youtube_key":  "0h43aV4aH7I",
  "captions_file": "/courses/18-06sc-linear-algebra-fall-2011/cd3adee54ac954a380b21ea51036c8ca_0h43aV4aH7I.vtt",
  "transcript_file": "/courses/18-06sc-linear-algebra-fall-2011/2c2725cfd10398f6bd17434648b447fc_0h43aV4aH7I.pdf",
  "thumbnail_file": "https://img.youtube.com/vi/0h43aV4aH7I/default.jpg",
  "archive_url": "http://www.archive.org/download/MIT18.06S05_MP4/31.mp4"}
