{
  "title":"Problem Solving: Least Squares Approximation",
  "description": "",
  "file": null,
  "learning_resource_types": ["Recitation Videos"],
  "resource_type": "Video",
  "file_type": "",
  "youtube_key":  "AmQcoopBUTk",
  "captions_file": "/courses/18-06sc-linear-algebra-fall-2011/9866809538895b639a4c5f52008c03b6_AmQcoopBUTk.vtt",
  "transcript_file": "/courses/18-06sc-linear-algebra-fall-2011/79bfc67661f7d63dec8228fb2856002c_AmQcoopBUTk.pdf",
  "thumbnail_file": "https://img.youtube.com/vi/AmQcoopBUTk/default.jpg",
  "archive_url": "http://www.archive.org/download/MIT18.06SCF11/MIT18_06SC_110531_B1_300k.mp4"}
