{
  "title":"Final Course Review",
  "description": "",
  "file": null,
  "learning_resource_types": [],
  "resource_type": "Video",
  "file_type": "",
  "youtube_key":  "RWvi4Vx4CDc",
  "captions_file": "/courses/18-06sc-linear-algebra-fall-2011/2b005b0553525b3693ef6a5beca2036a_RWvi4Vx4CDc.vtt",
  "transcript_file": "/courses/18-06sc-linear-algebra-fall-2011/aaf7b61135ed6575e3d3cfe857a3946b_RWvi4Vx4CDc.pdf",
  "thumbnail_file": "https://img.youtube.com/vi/RWvi4Vx4CDc/default.jpg",
  "archive_url": "http://www.archive.org/download/MIT18.06S05_MP4/34.mp4"}
