{
  "title":"The Geometry of Linear Equations",
  "description": "",
  "file": null,
  "learning_resource_types": ["Lecture Videos"],
  "resource_type": "Video",
  "file_type": "",
  "youtube_key":  "J7DzL2_Na80",
  "captions_file": "/courses/18-06sc-linear-algebra-fall-2011/97f5a4d9abaf503493b295487f5d1e99_J7DzL2_Na80.vtt",
  "transcript_file": "/courses/18-06sc-linear-algebra-fall-2011/924857f47516849941e6217c76d3b357_J7DzL2_Na80.pdf",
  "thumbnail_file": "https://img.youtube.com/vi/J7DzL2_Na80/default.jpg",
  "archive_url": "http://www.archive.org/download/MIT18.06S05_MP4/01.mp4"}
