{
  "title":"Lecture 16: Projection Matrices and Least Squares",
  "description": "",
  "file": null,
  "learning_resource_types": ["Lecture Videos"],
  "resource_type": "Video",
  "file_type": "",
  "youtube_key":  "osh80YCg_GM",
  "captions_file": "/courses/18-06sc-linear-algebra-fall-2011/3f83fefe55035ab28e1073cc4ae4e5dc_osh80YCg_GM.vtt",
  "transcript_file": "/courses/18-06sc-linear-algebra-fall-2011/ea9714a92a64d7937b3cccacb931ca63_osh80YCg_GM.pdf",
  "thumbnail_file": "https://img.youtube.com/vi/osh80YCg_GM/default.jpg",
  "archive_url": "http://www.archive.org/download/MIT18.06S05_MP4/16.mp4"}
