{
  "title":"An Overview of Key Ideas",
  "description": "",
  "file": null,
  "learning_resource_types": [],
  "resource_type": "Video",
  "file_type": "",
  "youtube_key":  "OZxzHcW663g",
  "captions_file": "/courses/18-06sc-linear-algebra-fall-2011/79f4b1a0555258b1ad801c9bec12dab2_OZxzHcW663g.vtt",
  "transcript_file": "/courses/18-06sc-linear-algebra-fall-2011/450f85bb4e265275a188eaae2939167c_OZxzHcW663g.pdf",
  "thumbnail_file": "https://img.youtube.com/vi/OZxzHcW663g/default.jpg",
  "archive_url": "http://www.archive.org/download/MIT18.06SCF11/MIT18_06SC_110711_M3_300k.mp4"}
