{"09ea022e-cd1a-dcd7-41ae-fdb2f7ec7ae0":"/resources/mit18_700f13_ps4/data.json","0c06d39b-6060-e86b-711b-e1c3b1f0a224":"/resources/mit18_700f13_ps2/data.json","0c431d54-3f7b-50e1-2bdd-0177a1ba8de1":"/pages/syllabus/data.json","0d42ab69-c083-7ef9-d21a-ea87efae718f":"/resources/18-700f13-th/data.json","1b95802c-8afb-c755-e790-d43cb7751349":"/resources/mit18_700f13_ps9/data.json","2902800c-50a2-9c09-0163-aa39fb997b32":"/resources/mit18_700f13_ps1/data.json","2a547985-ab53-49f1-e9a3-2502cc44bce5":"/pages/study-materials/data.json","3deb309f-7d0e-e95b-9b56-c49b94135c51":"/resources/mit18_700f13_intstng_base/data.json","3eff0e4d-1732-4ce9-a6b7-8a011749e9fc":"/resources/mit18_700f13_ps92/data.json","475deecd-0e89-3892-49a8-5fc488842642":"/resources/mit18_700f13_finite_fields/data.json","57e64332-d6b0-4d29-ffbe-335b6cce0bc3":"/resources/mit18_700f13_ps6/data.json","6c9c37f5-95f8-b96b-2624-1a1d2462526c":"/pages/readings/data.json","6cde8d0d-6f20-c8b9-4910-655107a062ee":"/resources/18-700f13/data.json","6f9384b0-164a-7bed-db74-5b9277cc1093":"/resources/mit18_700f13_orthgnl_base/data.json","7abf2b22-19c3-01d5-b3e6-29e458827ea7":"/pages/calendar/data.json","87fffc93-e83d-8a01-5e87-64f1258fa740":"/resources/mit18_700f13_ps7/data.json","9033f265-2287-b7ca-4ad2-d35c619ae5c8":"/resources/mit18_700f13_ps5/data.json","9b678c68-3ce6-8b30-eff4-ef6cd89eb25e":"/resources/mit18_700f13_spctrl_thrm/data.json","9ddeddfa-0025-d829-76c1-c82a0661f7a0":"/resources/mit18_700f13_ps8/data.json","b0494f2b-51e2-1989-e03b-48e1674e6618":"/pages/assignments/data.json","b144082f-6883-d02f-aeec-26d7f708c63e":"/resources/mit18_700f13_gauss/data.json","bfc86519-0eb8-c682-29b8-1246b77d93fb":"/resources/mit18_700f13_generalized/data.json","cc993d0c-7953-d1aa-7d57-997b1e43b7da":"/resources/mit18_700f13_qntm_mechnc/data.json","d1093d3f-7651-c8a5-8f86-0179ecb8e4ec":"/resources/mit18_700f13_one_sided/data.json","e83e35d6-0021-462f-72fa-94d54a398fa9":"/resources/mit18_700f13_ps3/data.json"}