{
  "course_title":"Linear Algebra",
  "course_description":"This course offers a rigorous treatment of linear algebra, including vector spaces, systems of linear equations, bases, linear independence, matrices, determinants, eigenvalues, inner products, quadratic forms, and canonical forms of matrices. Compared with [_18.06 Linear Algebra_](/courses/18-06sc-linear-algebra-fall-2011/), more emphasis is placed on theory and proofs.",
  "course_description_html":"This course offers a rigorous treatment of linear algebra, including vector spaces, systems of linear equations, bases, linear independence, matrices, determinants, eigenvalues, inner products, quadratic forms, and canonical forms of matrices. Compared with <a href=\"https://ocw.mit.edu/courses/18-06sc-linear-algebra-fall-2011/\" target=\"_blank\" rel=\"noopener\"><em>18.06 Linear Algebra</em></a>, more emphasis is placed on theory and proofs.",
  "site_uid":"f65e91a4-19c7-444d-9243-6d5673af712e",
  "legacy_uid":"f3396f71-81ef-e125-45c9-cecce8d6d8ea","instructors": [{
    "first_name":"David",
    "last_name":"Vogan",
    "middle_initial":"",
    "salutation":"",
    "title":"David Vogan"}],"department_numbers":["18"],
  "learning_resource_types":["Problem Sets"],
  "topics":[["Mathematics","Linear Algebra"]],
  "mit_learn_topics":null,
  "primary_course_number":"18.700",
  "extra_course_numbers":"",
  "term":"Fall",
  "year":"2013",
  "level":["Undergraduate"],
  "hide_download":null,
  "image_src":"./static_resources/6cde8d0d6f20c8b94910655107a062ee_18-700f13.jpg",
  "course_image_metadata":{"content_type":"resource","description":"Gram–Schmidt process—a method for orthonormalising a set of vectors in an inner product space. Image from public domain.","draft":false,"file":"/courses/18-700-linear-algebra-fall-2013/6cde8d0d6f20c8b94910655107a062ee_18-700f13.jpg","file_size":32279,"file_type":"image/jpeg","image_metadata":{"caption":"Gram–Schmidt process which is a method for orthonormalising a set of vectors in an inner product space. (Image from public domain.)","credit":"Image from public domain.","image-alt":"A set of orthogonal vectors in an inner product space."},"iscjklanguage":false,"learning_resource_types":[],"license":"https://creativecommons.org/licenses/by-nc-sa/4.0/","ocw_type":"OCWImage","resourcetype":"Image","title":"18-700f13.jpg","uid":"6cde8d0d-6f20-c8b9-4910-655107a062ee"}}

