{
  "title":"An Overview of Linear Algebra",
  "description": "",
  "file": null,
  "learning_resource_types": [],
  "resource_type": "Video",
  "file_type": "",
  "youtube_key":  "0oBJN8F616U",
  "captions_file": "/courses/18-06sc-linear-algebra-fall-2011/595c6d159a26523d83aee65cd9a11bb9_0oBJN8F616U.vtt",
  "transcript_file": "/courses/18-06sc-linear-algebra-fall-2011/203505b17cb9f1cedc1db2a2d384184f_0oBJN8F616U.pdf",
  "thumbnail_file": "https://img.youtube.com/vi/0oBJN8F616U/default.jpg",
  "archive_url": "http://www.archive.org/download/MIT18.085F08/ocw-18.085-f08-rec01_300k.mp4"}
