{
  "title":"Subspaces of Three Dimensional Space",
  "description": "",
  "file": null,
  "learning_resource_types": [],
  "resource_type": "Video",
  "file_type": "",
  "youtube_key":  "QQpvGlF_1Qo",
  "captions_file": "/courses/18-06sc-linear-algebra-fall-2011/b7d4728642ef5ea8aafa96b9a2445bd0_QQpvGlF_1Qo.vtt",
  "transcript_file": "/courses/18-06sc-linear-algebra-fall-2011/bc7f5220c5a8edd1397f14b5f99835b6_QQpvGlF_1Qo.pdf",
  "thumbnail_file": "https://img.youtube.com/vi/QQpvGlF_1Qo/default.jpg",
  "archive_url": "https://archive.org/download/MIT18.06SCF11/MIT18_06SC_110607_L2_300k.mp4"}
