{
  "title":"Computing the Four Fundamental Subspaces",
  "description": "",
  "file": null,
  "learning_resource_types": [],
  "resource_type": "Video",
  "file_type": "",
  "youtube_key":  "D8u1LV9CnCk",
  "captions_file": "/courses/18-06sc-linear-algebra-fall-2011/d3b548d2c86e5f599f6917b90bb95225_D8u1LV9CnCk.vtt",
  "transcript_file": "/courses/18-06sc-linear-algebra-fall-2011/ab46153965f8be2aeb393f4dc4cd6c5d_D8u1LV9CnCk.pdf",
  "thumbnail_file": "https://img.youtube.com/vi/D8u1LV9CnCk/default.jpg",
  "archive_url": "http://www.archive.org/download/MIT18.06SCF11/MIT18_06SC_110526_B2_300k.mp4"}
