{
  "title":"Lecture 20: Cramer's Rule, Inverse Matrix and Volume",
  "description": "",
  "file": null,
  "learning_resource_types": ["Lecture Videos"],
  "resource_type": "Video",
  "file_type": "",
  "youtube_key":  "QNpj-gOXW9M",
  "captions_file": "/courses/18-06sc-linear-algebra-fall-2011/17e7561cf6645d2b8860668635d15840_QNpj-gOXW9M.vtt",
  "transcript_file": "/courses/18-06sc-linear-algebra-fall-2011/988ef84ac2bc55e67b4b642068d58075_QNpj-gOXW9M.pdf",
  "thumbnail_file": "https://img.youtube.com/vi/QNpj-gOXW9M/default.jpg",
  "archive_url": "http://www.archive.org/download/MIT18.06S05_MP4/20.mp4"}
