{
  "title":"Multiplication and Inverse Matrices",
  "description": "",
  "file": null,
  "learning_resource_types": [],
  "resource_type": "Video",
  "file_type": "",
  "youtube_key":  "FX4C-JpTFgY",
  "captions_file": "/courses/18-06sc-linear-algebra-fall-2011/e91f71c62ab05c48b0bd2b445170e649_FX4C-JpTFgY.vtt",
  "transcript_file": "/courses/18-06sc-linear-algebra-fall-2011/d83ded9024aae1310ab3236a216d34d7_FX4C-JpTFgY.pdf",
  "thumbnail_file": "https://img.youtube.com/vi/FX4C-JpTFgY/default.jpg",
  "archive_url": "http://www.archive.org/download/MIT18.06S05_MP4/03.mp4"}
