{
  "title":"Problem Solving: Eigenvalues and Eigenvectors",
  "description": "",
  "file": null,
  "learning_resource_types": ["Recitation Videos"],
  "resource_type": "Video",
  "file_type": "",
  "youtube_key":  "mVeuZzJdd1w",
  "captions_file": "/courses/18-06sc-linear-algebra-fall-2011/ff6a5ab8d3d55571ae227c6ecfcbab26_mVeuZzJdd1w.vtt",
  "transcript_file": "/courses/18-06sc-linear-algebra-fall-2011/6c525b41e0a7c9f8440dfa4176c877ff_mVeuZzJdd1w.pdf",
  "thumbnail_file": "https://img.youtube.com/vi/mVeuZzJdd1w/default.jpg",
  "archive_url": "http://www.archive.org/download/MIT18.06SCF11/MIT18_06SC_110706_N2_300k.mp4"}
