<?xml version="1.0" encoding="utf-8" standalone="yes"?>
<rss version="2.0" xmlns:atom="http://www.w3.org/2005/Atom">
  <channel>
    <title>Assignments on MIT OpenCourseWare</title>
    <link>/resources/assignments/</link>
    <description>Recent content in Assignments on MIT OpenCourseWare</description>
    <generator>Hugo -- gohugo.io</generator>
    <language>en-us</language><atom:link href="/resources/assignments/index.xml" rel="self" type="application/rss+xml" />
    <item>
      <title>Assignments</title>
      <link>/pages/assignments/data.json</link>
      <pubDate>Mon, 01 Jan 0001 00:00:00 +0000</pubDate>
      
      <guid>/pages/assignments/data.json</guid>
      <description>Many of the problems are assigned from the required textbook:
Axler, Sheldon J. Linear Algebra Done Right. Springer, 2004. ISBN: 9780387982588. [Preview with Google Books]
Problem Set 1 (PDF)
Problem Set 2 (PDF)
Problem Set 3 (PDF)
Problem Set 4 (PDF)
Problem Set 5 (PDF)
Problem Set 6 (PDF)
Problem Set 7 (PDF)
Problem Set 8 (PDF)
Problem Set 9 (PDF)</description>
    </item>
    
  </channel>
</rss>
