{
  "title":"Lecture 19: Determinant Formulas and Cofactors",
  "description": "",
  "file": null,
  "learning_resource_types": [],
  "resource_type": "Video",
  "file_type": "",
  "youtube_key":  "23LLB9mNJvc",
  "captions_file": "/courses/18-06sc-linear-algebra-fall-2011/7fdd14a423ff50268754184dd534e634_23LLB9mNJvc.vtt",
  "transcript_file": "/courses/18-06sc-linear-algebra-fall-2011/9b2324e23193d05afe3a6f1a555f60f5_23LLB9mNJvc.pdf",
  "thumbnail_file": "https://img.youtube.com/vi/23LLB9mNJvc/default.jpg",
  "archive_url": "http://www.archive.org/download/MIT18.06S05_MP4/19.mp4"}
