{
  "title":"18-700f13.jpg",
  "description": "Gram–Schmidt process—a method for orthonormalising a set of vectors in an inner product space. Image from public domain.",
  "file": "/courses/18-700-linear-algebra-fall-2013/6cde8d0d6f20c8b94910655107a062ee_18-700f13.jpg",
  "learning_resource_types": [],
  "resource_type": "Image",
  "file_type": "image/jpeg",
  "image_metadata": {"caption":"Gram–Schmidt process which is a method for orthonormalising a set of vectors in an inner product space. (Image from public domain.)","credit":"Image from public domain.","image-alt":"A set of orthogonal vectors in an inner product space."}}
