{
  "title":"Lecture 18: Properties of Determinants",
  "description": "",
  "file": null,
  "learning_resource_types": [],
  "resource_type": "Video",
  "file_type": "",
  "youtube_key":  "srxexLishgY",
  "captions_file": "/courses/18-06sc-linear-algebra-fall-2011/a20636d3e5525c98a7f1ab9a1a092659_srxexLishgY.vtt",
  "transcript_file": "/courses/18-06sc-linear-algebra-fall-2011/e004880d8554094799e4c0945f2c5fa8_srxexLishgY.pdf",
  "thumbnail_file": "https://img.youtube.com/vi/srxexLishgY/default.jpg",
  "archive_url": "http://www.archive.org/download/MIT18.06S05_MP4/18.mp4"}
