{
  "title":"Problem Solving: Orthogonal Vectors and Subspaces",
  "description": "",
  "file": null,
  "learning_resource_types": ["Recitation Videos"],
  "resource_type": "Video",
  "file_type": "",
  "youtube_key":  "h9aDgvW59TU",
  "captions_file": "/courses/18-06sc-linear-algebra-fall-2011/8c0bdf5be48555d4aa7d42a70056a20d_h9aDgvW59TU.vtt",
  "transcript_file": "/courses/18-06sc-linear-algebra-fall-2011/e9e49c6aba80b11d7936b0f1d8e83ee3_h9aDgvW59TU.pdf",
  "thumbnail_file": "https://img.youtube.com/vi/h9aDgvW59TU/default.jpg",
  "archive_url": "http://www.archive.org/download/MIT18.06SCF11/MIT18_06SC_110706_D1_300k.mp4"}
