{
  "title":"Factorization into A = LU",
  "description": "",
  "file": null,
  "learning_resource_types": ["Lecture Videos"],
  "resource_type": "Video",
  "file_type": "",
  "youtube_key":  "MsIvs_6vC38",
  "captions_file": "/courses/18-06sc-linear-algebra-fall-2011/a2a1c9d07be650d8b034d59d254a8ae3_MsIvs_6vC38.vtt",
  "transcript_file": "/courses/18-06sc-linear-algebra-fall-2011/6a1ed7a39cbff2dd88de7c559c5373ad_MsIvs_6vC38.pdf",
  "thumbnail_file": "https://img.youtube.com/vi/MsIvs_6vC38/default.jpg",
  "archive_url": "http://www.archive.org/download/MIT18.06S05_MP4/04.mp4"}
