{
  "title":"Lecture 33: Left and Right Inverses; Pseudoinverse",
  "description": "",
  "file": null,
  "learning_resource_types": [],
  "resource_type": "Video",
  "file_type": "",
  "youtube_key":  "Go2aLo7ZOlU",
  "captions_file": "/courses/18-06sc-linear-algebra-fall-2011/560e50df01915456b93cd6bc809601aa_Go2aLo7ZOlU.vtt",
  "transcript_file": "/courses/18-06sc-linear-algebra-fall-2011/ee7eef71cdb9f25cbe132735a0ee3a4e_Go2aLo7ZOlU.pdf",
  "thumbnail_file": "https://img.youtube.com/vi/Go2aLo7ZOlU/default.jpg",
  "archive_url": "http://www.archive.org/download/MIT18.06S05_MP4/33.mp4"}
