{
  "title":"18-700f13-th.jpg",
  "description": "Gram–Schmidt process—a method for orthonormalising a set of vectors in an inner product space. Image from public domain.",
  "file": "/courses/18-700-linear-algebra-fall-2013/0d42ab69c0837ef9d21aea87efae718f_18-700f13-th.jpg",
  "learning_resource_types": [],
  "resource_type": "Image",
  "file_type": "image/jpeg",
  "image_metadata": {"caption":"Gram–Schmidt process which is a method for orthonormalising a set of vectors in an inner product space. (Image from public domain.)","credit":"Image from public domain.","image-alt":"A set of orthogonal vectors in an inner product space."}}
