{
  "title":"Basis and Dimension",
  "description": "",
  "file": null,
  "learning_resource_types": [],
  "resource_type": "Video",
  "file_type": "",
  "youtube_key":  "MMWqGD4Urso",
  "captions_file": "/courses/18-06sc-linear-algebra-fall-2011/5d1b0a876877508a9f92778ef7f46e97_MMWqGD4Urso.vtt",
  "transcript_file": "/courses/18-06sc-linear-algebra-fall-2011/e74ce06b1d1161001a180c18c9d5a060_MMWqGD4Urso.pdf",
  "thumbnail_file": "https://img.youtube.com/vi/MMWqGD4Urso/default.jpg",
  "archive_url": "http://www.archive.org/download/MIT18.06SCF11/MIT18_06SC_110526_A2_300k.mp4"}
