{
  "title":"The Four Fundamental Subspaces",
  "description": "",
  "file": null,
  "learning_resource_types": [],
  "resource_type": "Video",
  "file_type": "",
  "youtube_key":  "nHlE7EgJFds",
  "captions_file": "/courses/18-06sc-linear-algebra-fall-2011/8c2761c8fcb15bfaa495487f7b8a4bba_nHlE7EgJFds.vtt",
  "transcript_file": "/courses/18-06sc-linear-algebra-fall-2011/afe0e43e133e663fbea3a48fb8372bfa_nHlE7EgJFds.pdf",
  "thumbnail_file": "https://img.youtube.com/vi/nHlE7EgJFds/default.jpg",
  "archive_url": "http://www.archive.org/download/MIT18.06S05_MP4/10.mp4"}
