{
  "title":"Problem Solving: Change of Basis",
  "description": "",
  "file": null,
  "learning_resource_types": ["Recitation Videos"],
  "resource_type": "Video",
  "file_type": "",
  "youtube_key":  "rMv2rDiOTsI",
  "captions_file": "/courses/18-06sc-linear-algebra-fall-2011/a2649a294ba259f998f8821ea1b84c4d_rMv2rDiOTsI.vtt",
  "transcript_file": "/courses/18-06sc-linear-algebra-fall-2011/82353e388649de42ddd8232a4704181f_rMv2rDiOTsI.pdf",
  "thumbnail_file": "https://img.youtube.com/vi/rMv2rDiOTsI/default.jpg",
  "archive_url": "http://www.archive.org/download/MIT18.06SCF11/MIT18_06SC_110714_M1_300k.mp4"}
