{
  "title":"LU Decomposition",
  "description": "",
  "file": null,
  "learning_resource_types": [],
  "resource_type": "Video",
  "file_type": "",
  "youtube_key":  "-eA2D_rIcNA",
  "captions_file": "/courses/18-06sc-linear-algebra-fall-2011/8feb936c240f5fb193da9707bbf48767_-eA2D_rIcNA.vtt",
  "transcript_file": "/courses/18-06sc-linear-algebra-fall-2011/087ffa796da9818d3198d7c771ba004b_-eA2D_rIcNA.pdf",
  "thumbnail_file": "https://img.youtube.com/vi/-eA2D_rIcNA/default.jpg",
  "archive_url": "http://www.archive.org/download/MIT18.06SCF11/MIT18_06SC_110706_B1_300k.mp4"}
