{
  "title":"Lecture 25: Symmetric Matrices and Positive Definiteness",
  "description": "",
  "file": null,
  "learning_resource_types": ["Lecture Videos"],
  "resource_type": "Video",
  "file_type": "",
  "youtube_key":  "UCc9q_cAhho",
  "captions_file": "/courses/18-06sc-linear-algebra-fall-2011/f5bb225dfb8151efb3349a55414aa62b_UCc9q_cAhho.vtt",
  "transcript_file": "/courses/18-06sc-linear-algebra-fall-2011/1aa6795f9425f242caa4fc5d70211072_UCc9q_cAhho.pdf",
  "thumbnail_file": "https://img.youtube.com/vi/UCc9q_cAhho/default.jpg",
  "archive_url": "http://www.archive.org/download/MIT18.06S05_MP4/25.mp4"}
