<?xml version="1.0" encoding="utf-8" standalone="yes"?>
<rss version="2.0" xmlns:atom="http://www.w3.org/2005/Atom">
  <channel>
    <title>Readings on MIT OpenCourseWare</title>
    <link>/resources/readings/</link>
    <description>Recent content in Readings on MIT OpenCourseWare</description>
    <generator>Hugo -- gohugo.io</generator>
    <language>en-us</language><atom:link href="/resources/readings/index.xml" rel="self" type="application/rss+xml" />
    <item>
      <title>Readings</title>
      <link>/pages/readings/data.json</link>
      <pubDate>Mon, 01 Jan 0001 00:00:00 +0000</pubDate>
      
      <guid>/pages/readings/data.json</guid>
      <description>Most of the reading assignments below refer to the textbook:
[Axler] = Axler, Sheldon J. Linear Algebra Done Right. Springer, 2004. ISBN: 9780387982588. [Preview with Google Books]
A few topics not fully covered in the textbook are discussed in supplementary notes available in the Study Materials section. These include:
[F] = Notes on Finite Fields
[OSI] = Notes on One-sided Inverses
[GE] = Notes on Gaussian Elimination
[OB] = Notes on Orthogonal Bases</description>
    </item>
    
  </channel>
</rss>
