{
  "title":"An Overview of Linear Algebra",
  "description": "",
  "file": null,
  "learning_resource_types": ["Lecture Videos"],
  "resource_type": "Video",
  "file_type": "",
  "youtube_key":  "0oBJN8F616U",
  "captions_file": "/courses/18-06sc-linear-algebra-fall-2011/cc052ad4151e5cc3a2e0653c4adb5a07_0oBJN8F616U.vtt",
  "transcript_file": "/courses/18-06sc-linear-algebra-fall-2011/f88df3281099e7dd7f368050f36244ee_0oBJN8F616U.pdf",
  "thumbnail_file": "https://img.youtube.com/vi/0oBJN8F616U/default.jpg",
  "archive_url": "http://www.archive.org/download/MIT18.085F08/ocw-18.085-f08-rec01_300k.mp4"}
