{
  "title":"Lecture 28: Similar Matrices and Jordan Form",
  "description": "",
  "file": null,
  "learning_resource_types": ["Lecture Videos"],
  "resource_type": "Video",
  "file_type": "",
  "youtube_key":  "TSdXJw83kyA",
  "captions_file": "/courses/18-06sc-linear-algebra-fall-2011/e81db3a127065d5ea2ce9419ac77fce9_TSdXJw83kyA.vtt",
  "transcript_file": "/courses/18-06sc-linear-algebra-fall-2011/8bf47bec44825fe09c0b314bfbd4d84c_TSdXJw83kyA.pdf",
  "thumbnail_file": "https://img.youtube.com/vi/TSdXJw83kyA/default.jpg",
  "archive_url": "http://www.archive.org/download/MIT18.06S05_MP4/28.mp4"}
