{
  "title":"Lecture 30: Linear Transformations and their Matrices",
  "description": "",
  "file": null,
  "learning_resource_types": [],
  "resource_type": "Video",
  "file_type": "",
  "youtube_key":  "Ts3o2I8_Mxc",
  "captions_file": "/courses/18-06sc-linear-algebra-fall-2011/1c8baa700f83532084215e3ef6fae0c1_Ts3o2I8_Mxc.vtt",
  "transcript_file": "/courses/18-06sc-linear-algebra-fall-2011/89bed67324333da7912bb81212cd512f_Ts3o2I8_Mxc.pdf",
  "thumbnail_file": "https://img.youtube.com/vi/Ts3o2I8_Mxc/default.jpg",
  "archive_url": "http://www.archive.org/download/MIT18.06S05_MP4/30.mp4"}
