{
  "title":"Problem Solving: Markov Matrices",
  "description": "",
  "file": null,
  "learning_resource_types": [],
  "resource_type": "Video",
  "file_type": "",
  "youtube_key":  "wuyAeWE3iIM",
  "captions_file": "/courses/18-06sc-linear-algebra-fall-2011/28466b8218695441932b784ccc36a3b1_wuyAeWE3iIM.vtt",
  "transcript_file": "/courses/18-06sc-linear-algebra-fall-2011/05eb739b6c062453116325a84bd6d0cb_wuyAeWE3iIM.pdf",
  "thumbnail_file": "https://img.youtube.com/vi/wuyAeWE3iIM/default.jpg",
  "archive_url": "http://www.archive.org/download/MIT18.06SCF11/MIT18_06SC_110706_D2_300k.mp4"}
